Model,TOPSIS Score
facebook/bart-large-cnn,0.7871530400737757
sshleifer/distilbart-cnn-12-6,0.7647687531971524
facebook/bart-large-xsum,0.41640632832764973
t5-base,0.35056462434911406
google/pegasus-cnn_dailymail,0.2268980362618784
